consent,der_g
consent,der_h
consent,der_d
big,der_d
big,der_a
big,der_d
big,der_a
big,der_d
big,der_a
big,der_d
big,der_a
big,der_d
big,der_h
big,der_a
big,der_d
big,der_h
big,der_a
big,der_h
big,der_a
big,der_h
consent,der_e
big,der_a
big,der_h
big,der_a
big,der_a
big,der_a
big,der_h
big,der_a
big,der_h
consent,der_e
big,der_a
big,der_a
big,der_d
big,der_a
big,der_d
consent,der_c
consent,der_h
big,der_d
big,der_d
big,der_g
big,der_d
big,der_g
big,der_h
big,der_d
big,der_g
consent,der_g
big,der_d
big,der_g
big,der_d
big,der_g
big,der_h
big,der_b
big,der_a
big,der_a
big,der_a
big,der_b
big,der_f
big,der_a
big,der_b
big,der_f
big,der_a
big,der_b
big,der_d
big,der_f
big,der_a
big,der_b
big,der_d
consent,der_h
consent,der_f
big,der_a
big,der_b
consent,der_a
big,der_a
big,der_b
big,der_h
big,der_a
big,der_b
big,der_a
big,der_b
consent,der_e
big,der_a
big,der_b
big,der_a
big,der_b
consent,der_d
big,der_a
big,der_b
big,der_c
big,der_a
big,der_b
big,der_a
big,der_b
consent,der_h
consent,der_f
big,der_a
big,der_b
big,der_a
big,der_b
big,der_a
big,der_b
big,der_c
big,der_a
big,der_b
big,der_a
big,der_b
big,der_a
big,der_b
big,der_a
big,der_b
consent,der_d
big,der_a
big,der_b
big,der_f
big,der_a
big,der_b
big,der_c
consent,der_b
big,der_a
big,der_b
consent,der_e
big,der_a
big,der_b
big,der_c
big,der_b
big,der_f
big,der_a
big,der_b
big,der_c
big,der_f
big,der_a
big,der_b
big,der_c
big,der_g
big,der_a
big,der_b
big,der_c
big,der_g
consent,der_c
big,der_b
big,der_c
big,der_g
big,der_a
big,der_b
big,der_c
big,der_f
big,der_g
big,der_a
big,der_b
big,der_c
big,der_d
big,der_f
big,der_g
big,der_a
big,der_b
big,der_c
big,der_f
big,der_g
big,der_a
big,der_b
big,der_c
big,der_d
big,der_f
big,der_g
big,der_h
big,der_a
big,der_b
big,der_c
big,der_f
big,der_g
big,der_h
big,der_a
big,der_b
big,der_c
big,der_f
big,der_g
big,der_h
consent,der_a
big,der_a
big,der_b
big,der_c
big,der_f
big,der_g
big,der_a
big,der_b
big,der_c
big,der_f
big,der_g
consent,der_c
consent,der_e
consent,der_f
big,der_a
big,der_b
big,der_c
big,der_f
big,der_g
big,der_h
big,der_a
big,der_b
big,der_c
big,der_f
big,der_g
big,der_h
big,der_a
big,der_b
big,der_c
big,der_f
big,der_g
big,der_h
big,der_a
big,der_b
big,der_c
big,der_f
big,der_g
big,der_h
consent,der_a
big,der_a
big,der_b
big,der_c
big,der_g
big,der_h
big,der_a
big,der_b
big,der_c
big,der_g
big,der_h
consent,der_a
big,der_a
big,der_b
big,der_c
big,der_f
big,der_g
big,der_h
consent,der_d
big,der_a
big,der_b
big,der_c
big,der_f
big,der_g
big,der_h
big,der_a
big,der_b
big,der_c
big,der_f
big,der_g
big,der_h
big,der_a
big,der_b
big,der_f
big,der_g
big,der_b
big,der_f
big,der_g
big,der_h
big,der_b
big,der_f
big,der_g
big,der_h
big,der_b
big,der_f
big,der_g
big,der_h
big,der_a
big,der_b
big,der_e
big,der_f
big,der_g
big,der_h
consent,der_a
big,der_a
big,der_b
big,der_e
big,der_f
big,der_g
big,der_h
big,der_a
big,der_b
big,der_d
big,der_f
big,der_h
big,der_a
big,der_b
big,der_d
big,der_f
big,der_g
big,der_h
consent,der_h
big,der_a
big,der_b
big,der_d
big,der_f
big,der_g
big,der_h
big,der_a
big,der_b
big,der_e
big,der_f
big,der_g
big,der_h
big,der_a
big,der_b
big,der_f
big,der_g
big,der_h
big,der_a
big,der_b
big,der_g
big,der_h
big,der_a
big,der_b
big,der_g
big,der_h
consent,der_b
big,der_a
big,der_g
big,der_h
big,der_g
big,der_h
consent,der_d
big,der_a
big,der_g
big,der_h
consent,der_a
big,der_b
big,der_c
big,der_g
big,der_h
big,der_a
big,der_b
big,der_g
big,der_h
consent,der_h
big,der_a
big,der_b
big,der_g
big,der_h
consent,der_a
big,der_a
big,der_b
big,der_d
big,der_g
big,der_h
big,der_a
big,der_b
big,der_g
big,der_h
big,der_a
big,der_b
big,der_g
big,der_h
consent,der_f
big,der_a
big,der_b
big,der_g
big,der_h
big,der_a
big,der_b
big,der_g
big,der_h
big,der_a
big,der_b
big,der_d
big,der_g
big,der_h
consent,der_a
big,der_a
big,der_b
big,der_d
big,der_f
big,der_g
big,der_h
big,der_a
big,der_b
big,der_d
big,der_e
big,der_f
big,der_g
big,der_h
big,der_a
big,der_b
big,der_d
big,der_e
big,der_f
big,der_g
big,der_h
big,der_a
big,der_b
big,der_d
big,der_e
big,der_f
big,der_g
big,der_h
big,der_a
big,der_b
big,der_d
big,der_e
big,der_f
big,der_h
big,der_a
big,der_b
big,der_d
big,der_e
big,der_f
big,der_a
big,der_b
big,der_d
big,der_e
big,der_f
consent,der_b
big,der_a
big,der_d
big,der_e
big,der_f
big,der_g
big,der_a
big,der_b
big,der_d
big,der_e
big,der_f
consent,der_c
big,der_a
big,der_d
big,der_e
big,der_f
big,der_d
big,der_e
big,der_f
big,der_a
big,der_d
big,der_e
big,der_f
big,der_d
big,der_e
big,der_f
big,der_e
big,der_d
big,der_f
consent,der_h
big,der_e
big,der_d
big,der_e
big,der_f
big,der_d
big,der_e
big,der_f
big,der_a
big,der_e
big,der_f
consent,der_a
consent,der_b
big,der_d
big,der_e
big,der_f
big,der_a
big,der_e
big,der_f
big,der_a
big,der_d
big,der_e
consent,der_h
big,der_a
big,der_b
big,der_d
big,der_e
big,der_f
consent,der_b
big,der_a
big,der_b
big,der_d
big,der_e
big,der_f
big,der_a
big,der_b
big,der_d
big,der_e
big,der_f
big,der_a
big,der_b
big,der_d
big,der_e
big,der_f
big,der_h
big,der_a
big,der_d
big,der_e
big,der_f
big,der_h
big,der_a
big,der_b
big,der_c
big,der_d
big,der_e
big,der_f
big,der_h
consent,der_a
big,der_a
big,der_b
big,der_d
big,der_e
big,der_f
big,der_h
big,der_a
big,der_b
big,der_c
big,der_d
big,der_f
big,der_h
consent,der_g
consent,der_e
big,der_a
big,der_b
big,der_e
big,der_f
big,der_h
big,der_a
big,der_b
big,der_c
big,der_e
big,der_f
big,der_h
big,der_a
big,der_b
big,der_f
big,der_a
big,der_f
consent,der_a
big,der_a
big,der_c
consent,der_h
consent,der_e
big,der_a
big,der_c
consent,der_d
big,der_a
big,der_c
consent,der_d
big,der_a
big,der_c
big,der_a
big,der_c
big,der_a
big,der_c
big,der_a
big,der_c
big,der_a
big,der_c
consent,der_f
big,der_a
big,der_c
big,der_a
big,der_c
big,der_d
consent,der_d
consent,der_f
big,der_a
big,der_c
big,der_d
consent,der_h
big,der_a
big,der_c
big,der_d
big,der_a
big,der_b
big,der_d
big,der_e
big,der_a
big,der_b
big,der_d
big,der_a
big,der_b
big,der_d
big,der_a
big,der_b
big,der_d
big,der_b
big,der_d
consent,der_c
consent,der_e
big,der_d
consent,der_e
big,der_d
consent,der_e
big,der_e
consent,der_c
big,der_d
big,der_d
big,der_d
consent,der_f
big,der_d
consent,der_f
big,der_h
big,der_b
big,der_h
big,der_b
big,der_h
consent,der_b
big,der_b
big,der_d
big,der_h
consent,der_e
big,der_b
big,der_h
big,der_b
big,der_h
big,der_b
big,der_d
big,der_h
big,der_b
big,der_h
big,der_b
big,der_h
big,der_b
big,der_e
big,der_h
big,der_b
big,der_e
big,der_h
big,der_b
big,der_e
big,der_h
big,der_b
big,der_e
big,der_h
big,der_b
big,der_e
big,der_h
consent,der_h
big,der_b
big,der_c
big,der_e
big,der_h
big,der_b
big,der_c
big,der_d
big,der_e
big,der_h
big,der_b
big,der_d
big,der_e
big,der_h
big,der_b
big,der_d
big,der_e
big,der_h
consent,der_e
big,der_b
big,der_d
big,der_e
big,der_f
big,der_h
consent,der_c
consent,der_b
big,der_b
big,der_e
big,der_h
big,der_b
big,der_e
big,der_f
big,der_h
big,der_b
big,der_e
big,der_f
big,der_h
consent,der_g
big,der_b
big,der_e
big,der_f
big,der_h
consent,der_c
big,der_b
big,der_e
big,der_h
big,der_b
big,der_e
big,der_f
big,der_h
big,der_b
big,der_e
big,der_h
big,der_b
big,der_e
big,der_h
big,der_b
big,der_e
big,der_h
consent,der_d
consent,der_f
big,der_b
big,der_e
big,der_f
big,der_g
big,der_h
big,der_e
big,der_f
big,der_g
big,der_h
big,der_e
big,der_f
big,der_g
big,der_h
big,der_e
big,der_f
big,der_g
big,der_h
consent,der_f
big,der_e
big,der_f
big,der_g
big,der_h
big,der_e
big,der_f
big,der_h
big,der_e
big,der_f
big,der_h
consent,der_a
