consent,der_g,0
consent,der_h,0
consent,der_d,1
big,der_d,7
big,der_a,8
big,der_d,8
big,der_a,9
big,der_d,9
big,der_a,10
big,der_d,10
big,der_a,11
big,der_d,11
big,der_h,11
big,der_a,12
big,der_d,12
big,der_h,12
big,der_a,13
big,der_h,13
big,der_a,14
big,der_h,14
consent,der_e,15
big,der_a,16
big,der_h,16
big,der_a,17
big,der_a,18
big,der_a,19
big,der_h,19
consent,der_e,20
big,der_a,20
big,der_h,20
big,der_a,21
big,der_a,22
big,der_d,22
consent,der_c,23
big,der_a,23
big,der_d,23
consent,der_h,24
big,der_d,25
big,der_d,26
big,der_g,26
big,der_d,27
big,der_g,27
big,der_h,27
consent,der_g,28
big,der_d,28
big,der_g,28
big,der_d,29
big,der_g,29
big,der_d,30
big,der_g,30
big,der_h,30
big,der_b,32
big,der_a,33
big,der_a,34
big,der_a,35
big,der_b,35
big,der_f,35
big,der_a,36
big,der_b,36
big,der_f,36
big,der_a,37
big,der_b,37
big,der_d,37
big,der_f,37
consent,der_f,38
consent,der_h,38
big,der_a,38
big,der_b,38
big,der_d,38
consent,der_a,39
big,der_a,39
big,der_b,39
big,der_a,40
big,der_b,40
big,der_h,40
big,der_a,41
big,der_b,41
consent,der_e,42
big,der_a,42
big,der_b,42
big,der_a,43
big,der_b,43
consent,der_d,44
big,der_a,44
big,der_b,44
big,der_a,45
big,der_b,45
big,der_c,45
big,der_a,46
big,der_b,46
consent,der_f,47
consent,der_h,47
big,der_a,47
big,der_b,47
big,der_a,48
big,der_b,48
big,der_a,49
big,der_b,49
big,der_a,50
big,der_b,50
big,der_c,50
big,der_a,51
big,der_b,51
big,der_a,52
big,der_b,52
big,der_a,53
big,der_b,53
consent,der_d,54
big,der_a,54
big,der_b,54
big,der_a,55
big,der_b,55
big,der_f,55
consent,der_b,56
big,der_a,56
big,der_b,56
big,der_c,56
consent,der_e,57
big,der_a,57
big,der_b,57
big,der_a,58
big,der_b,58
big,der_c,58
big,der_b,59
big,der_f,59
big,der_a,60
big,der_b,60
big,der_c,60
big,der_f,60
big,der_a,61
big,der_b,61
big,der_c,61
big,der_g,61
consent,der_c,62
big,der_a,62
big,der_b,62
big,der_c,62
big,der_g,62
big,der_b,63
big,der_c,63
big,der_g,63
big,der_a,64
big,der_b,64
big,der_c,64
big,der_f,64
big,der_g,64
big,der_a,65
big,der_b,65
big,der_c,65
big,der_d,65
big,der_f,65
big,der_g,65
big,der_a,66
big,der_b,66
big,der_c,66
big,der_f,66
big,der_g,66
big,der_a,67
big,der_b,67
big,der_c,67
big,der_d,67
big,der_f,67
big,der_g,67
big,der_h,67
big,der_a,68
big,der_b,68
big,der_c,68
big,der_f,68
big,der_g,68
big,der_h,68
consent,der_a,69
big,der_a,69
big,der_b,69
big,der_c,69
big,der_f,69
big,der_g,69
big,der_h,69
big,der_a,70
big,der_b,70
big,der_c,70
big,der_f,70
big,der_g,70
consent,der_c,71
consent,der_e,71
consent,der_f,71
big,der_a,71
big,der_b,71
big,der_c,71
big,der_f,71
big,der_g,71
big,der_a,72
big,der_b,72
big,der_c,72
big,der_f,72
big,der_g,72
big,der_h,72
big,der_a,73
big,der_b,73
big,der_c,73
big,der_f,73
big,der_g,73
big,der_h,73
big,der_a,74
big,der_b,74
big,der_c,74
big,der_f,74
big,der_g,74
big,der_h,74
consent,der_a,75
big,der_a,75
big,der_b,75
big,der_c,75
big,der_f,75
big,der_g,75
big,der_h,75
big,der_a,76
big,der_b,76
big,der_c,76
big,der_g,76
big,der_h,76
consent,der_a,77
big,der_a,77
big,der_b,77
big,der_c,77
big,der_g,77
big,der_h,77
consent,der_d,78
big,der_a,78
big,der_b,78
big,der_c,78
big,der_f,78
big,der_g,78
big,der_h,78
big,der_a,79
big,der_b,79
big,der_c,79
big,der_f,79
big,der_g,79
big,der_h,79
big,der_a,80
big,der_b,80
big,der_c,80
big,der_f,80
big,der_g,80
big,der_h,80
big,der_a,81
big,der_b,81
big,der_f,81
big,der_g,81
big,der_b,82
big,der_f,82
big,der_g,82
big,der_h,82
big,der_b,83
big,der_f,83
big,der_g,83
big,der_h,83
big,der_b,84
big,der_f,84
big,der_g,84
big,der_h,84
consent,der_a,85
big,der_a,85
big,der_b,85
big,der_e,85
big,der_f,85
big,der_g,85
big,der_h,85
big,der_a,86
big,der_b,86
big,der_e,86
big,der_f,86
big,der_g,86
big,der_h,86
big,der_a,87
big,der_b,87
big,der_d,87
big,der_f,87
big,der_h,87
consent,der_h,88
big,der_a,88
big,der_b,88
big,der_d,88
big,der_f,88
big,der_g,88
big,der_h,88
big,der_a,89
big,der_b,89
big,der_d,89
big,der_f,89
big,der_g,89
big,der_h,89
big,der_a,90
big,der_b,90
big,der_e,90
big,der_f,90
big,der_g,90
big,der_h,90
big,der_a,91
big,der_b,91
big,der_f,91
big,der_g,91
big,der_h,91
big,der_a,92
big,der_b,92
big,der_g,92
big,der_h,92
consent,der_b,93
big,der_a,93
big,der_b,93
big,der_g,93
big,der_h,93
big,der_a,94
big,der_g,94
big,der_h,94
consent,der_d,95
big,der_g,95
big,der_h,95
consent,der_a,96
big,der_a,96
big,der_g,96
big,der_h,96
big,der_b,97
big,der_c,97
big,der_g,97
big,der_h,97
consent,der_h,98
big,der_a,98
big,der_b,98
big,der_g,98
big,der_h,98
consent,der_a,99
big,der_a,99
big,der_b,99
big,der_g,99
big,der_h,99
big,der_a,100
big,der_b,100
big,der_d,100
big,der_g,100
big,der_h,100
big,der_a,101
big,der_b,101
big,der_g,101
big,der_h,101
consent,der_f,102
big,der_a,102
big,der_b,102
big,der_g,102
big,der_h,102
big,der_a,103
big,der_b,103
big,der_g,103
big,der_h,103
big,der_a,104
big,der_b,104
big,der_g,104
big,der_h,104
consent,der_a,105
big,der_a,105
big,der_b,105
big,der_d,105
big,der_g,105
big,der_h,105
big,der_a,106
big,der_b,106
big,der_d,106
big,der_f,106
big,der_g,106
big,der_h,106
big,der_a,107
big,der_b,107
big,der_d,107
big,der_e,107
big,der_f,107
big,der_g,107
big,der_h,107
big,der_a,108
big,der_b,108
big,der_d,108
big,der_e,108
big,der_f,108
big,der_g,108
big,der_h,108
big,der_a,109
big,der_b,109
big,der_d,109
big,der_e,109
big,der_f,109
big,der_g,109
big,der_h,109
big,der_a,110
big,der_b,110
big,der_d,110
big,der_e,110
big,der_f,110
big,der_h,110
big,der_a,111
big,der_b,111
big,der_d,111
big,der_e,111
big,der_f,111
consent,der_b,112
big,der_a,112
big,der_b,112
big,der_d,112
big,der_e,112
big,der_f,112
big,der_a,113
big,der_d,113
big,der_e,113
big,der_f,113
big,der_g,113
consent,der_c,114
big,der_a,114
big,der_b,114
big,der_d,114
big,der_e,114
big,der_f,114
big,der_a,115
big,der_d,115
big,der_e,115
big,der_f,115
big,der_d,116
big,der_e,116
big,der_f,116
big,der_a,117
big,der_d,117
big,der_e,117
big,der_f,117
big,der_d,118
big,der_e,118
big,der_f,118
big,der_e,119
consent,der_h,120
big,der_d,120
big,der_f,120
big,der_e,121
big,der_d,122
big,der_e,122
big,der_f,122
big,der_d,123
big,der_e,123
big,der_f,123
consent,der_a,124
consent,der_b,124
big,der_a,124
big,der_e,124
big,der_f,124
big,der_d,125
big,der_e,125
big,der_f,125
big,der_a,126
big,der_e,126
big,der_f,126
consent,der_h,127
big,der_a,127
big,der_d,127
big,der_e,127
consent,der_b,128
big,der_a,128
big,der_b,128
big,der_d,128
big,der_e,128
big,der_f,128
big,der_a,129
big,der_b,129
big,der_d,129
big,der_e,129
big,der_f,129
big,der_a,130
big,der_b,130
big,der_d,130
big,der_e,130
big,der_f,130
big,der_a,131
big,der_b,131
big,der_d,131
big,der_e,131
big,der_f,131
big,der_h,131
big,der_a,132
big,der_d,132
big,der_e,132
big,der_f,132
big,der_h,132
consent,der_a,133
big,der_a,133
big,der_b,133
big,der_c,133
big,der_d,133
big,der_e,133
big,der_f,133
big,der_h,133
big,der_a,134
big,der_b,134
big,der_d,134
big,der_e,134
big,der_f,134
big,der_h,134
consent,der_e,135
consent,der_g,135
big,der_a,135
big,der_b,135
big,der_c,135
big,der_d,135
big,der_f,135
big,der_h,135
big,der_a,136
big,der_b,136
big,der_e,136
big,der_f,136
big,der_h,136
big,der_a,137
big,der_b,137
big,der_c,137
big,der_e,137
big,der_f,137
big,der_h,137
big,der_a,138
big,der_b,138
big,der_f,138
consent,der_a,139
big,der_a,139
big,der_f,139
consent,der_e,140
consent,der_h,140
big,der_a,140
big,der_c,140
consent,der_d,141
big,der_a,141
big,der_c,141
consent,der_d,142
big,der_a,142
big,der_c,142
big,der_a,143
big,der_c,143
big,der_a,144
big,der_c,144
big,der_a,145
big,der_c,145
big,der_a,146
big,der_c,146
consent,der_f,147
big,der_a,147
big,der_c,147
big,der_a,148
big,der_c,148
consent,der_d,149
consent,der_f,149
big,der_a,149
big,der_c,149
big,der_d,149
consent,der_h,150
big,der_a,150
big,der_c,150
big,der_d,150
big,der_a,151
big,der_c,151
big,der_d,151
big,der_a,152
big,der_b,152
big,der_d,152
big,der_e,152
big,der_a,153
big,der_b,153
big,der_d,153
big,der_a,154
big,der_b,154
big,der_d,154
big,der_a,155
big,der_b,155
big,der_d,155
consent,der_c,156
consent,der_e,156
big,der_b,156
big,der_d,156
consent,der_e,157
big,der_d,157
consent,der_e,158
big,der_d,158
consent,der_c,159
big,der_e,159
big,der_d,160
big,der_d,161
consent,der_f,162
big,der_d,162
consent,der_f,163
big,der_d,163
big,der_h,164
big,der_b,165
big,der_h,165
consent,der_b,166
big,der_b,166
big,der_h,166
consent,der_e,167
big,der_b,167
big,der_d,167
big,der_h,167
big,der_b,168
big,der_h,168
big,der_b,169
big,der_h,169
big,der_b,170
big,der_d,171
big,der_h,171
big,der_b,172
big,der_h,172
big,der_b,173
big,der_h,173
big,der_b,174
big,der_e,174
big,der_h,174
big,der_b,175
big,der_e,175
big,der_h,175
big,der_b,176
big,der_e,176
big,der_h,176
big,der_b,177
big,der_e,177
big,der_h,177
consent,der_h,178
big,der_b,178
big,der_e,178
big,der_h,178
big,der_b,179
big,der_c,179
big,der_e,179
big,der_h,179
big,der_b,180
big,der_c,180
big,der_d,180
big,der_e,180
big,der_h,180
big,der_b,181
big,der_d,181
big,der_e,181
big,der_h,181
consent,der_e,182
big,der_b,182
big,der_d,182
big,der_e,182
big,der_h,182
consent,der_b,183
consent,der_c,183
big,der_b,183
big,der_d,183
big,der_e,183
big,der_f,183
big,der_h,183
big,der_b,184
big,der_e,184
big,der_h,184
big,der_b,185
big,der_e,185
big,der_f,185
big,der_h,185
consent,der_g,186
big,der_b,186
big,der_e,186
big,der_f,186
big,der_h,186
consent,der_c,187
big,der_b,187
big,der_e,187
big,der_f,187
big,der_h,187
big,der_b,188
big,der_e,188
big,der_h,188
big,der_b,189
big,der_e,189
big,der_f,189
big,der_h,189
big,der_b,190
big,der_e,190
big,der_h,190
big,der_b,191
big,der_e,191
big,der_h,191
consent,der_d,192
consent,der_f,192
big,der_b,192
big,der_e,192
big,der_h,192
big,der_b,193
big,der_e,193
big,der_f,193
big,der_g,193
big,der_h,193
big,der_e,194
big,der_f,194
big,der_g,194
big,der_h,194
big,der_e,195
big,der_f,195
big,der_g,195
big,der_h,195
consent,der_f,196
big,der_e,196
big,der_f,196
big,der_g,196
big,der_h,196
big,der_e,197
big,der_f,197
big,der_g,197
big,der_h,197
big,der_e,198
big,der_f,198
big,der_h,198
consent,der_a,199
big,der_e,199
big,der_f,199
big,der_h,199
