covers,agg0,pr_0_0
covers,agg0,pr_0_1
pub,agg0
covers,agg1,pr_1_0
pub,agg1
covers,agg2,pr_2_0
covers,agg2,pr_2_1
covers,agg2,pr_2_2
covers,agg2,pr_2_3
covers,agg2,pr_2_4
pub,agg2
covers,agg3,pr_3_0
covers,agg3,pr_3_1
covers,agg3,pr_3_2
pub,agg3
covers,agg4,pr_4_0
covers,agg4,pr_4_1
covers,agg4,pr_4_2
covers,agg4,pr_4_3
covers,agg4,pr_4_4
covers,agg4,pr_4_5
pub,agg4
covers,agg5,pr_5_0
covers,agg5,pr_5_1
covers,agg5,pr_5_2
covers,agg5,pr_5_3
pub,agg5
covers,agg6,pr_6_0
covers,agg6,pr_6_1
covers,agg6,pr_6_2
covers,agg6,pr_6_3
covers,agg6,pr_6_4
covers,agg6,pr_6_5
pub,agg6
covers,agg7,pr_7_0
covers,agg7,pr_7_1
covers,agg7,pr_7_2
pub,agg7
covers,agg8,pr_8_0
covers,agg8,pr_8_1
covers,agg8,pr_8_2
covers,agg8,pr_8_3
covers,agg8,pr_8_4
covers,agg8,pr_8_5
covers,agg8,pr_8_6
pub,agg8
covers,agg9,pr_9_0
covers,agg9,pr_9_1
covers,agg9,pr_9_2
covers,agg9,pr_9_3
covers,agg9,pr_9_4
covers,agg9,pr_9_5
covers,agg9,pr_9_6
covers,agg9,pr_9_7
pub,agg9
covers,agg10,pr_10_0
covers,agg10,pr_10_1
covers,agg10,pr_10_2
covers,agg10,pr_10_3
covers,agg10,pr_10_4
covers,agg10,pr_10_5
pub,agg10
covers,agg11,pr_11_0
covers,agg11,pr_11_1
pub,agg11
covers,agg12,pr_12_0
covers,agg12,pr_12_1
covers,agg12,pr_12_2
covers,agg12,pr_12_3
covers,agg12,pr_12_4
pub,agg12
covers,agg13,pr_13_0
covers,agg13,pr_13_1
covers,agg13,pr_13_2
covers,agg13,pr_13_3
covers,agg13,pr_13_4
covers,agg13,pr_13_5
covers,agg13,pr_13_6
pub,agg13
covers,agg14,pr_14_0
covers,agg14,pr_14_1
covers,agg14,pr_14_2
covers,agg14,pr_14_3
covers,agg14,pr_14_4
covers,agg14,pr_14_5
pub,agg14
covers,agg15,pr_15_0
covers,agg15,pr_15_1
covers,agg15,pr_15_2
pub,agg15
covers,agg16,pr_16_0
covers,agg16,pr_16_1
covers,agg16,pr_16_2
covers,agg16,pr_16_3
covers,agg16,pr_16_4
covers,agg16,pr_16_5
covers,agg16,pr_16_6
covers,agg16,pr_16_7
pub,agg16
covers,agg17,pr_17_0
covers,agg17,pr_17_1
covers,agg17,pr_17_2
pub,agg17
covers,agg18,pr_18_0
covers,agg18,pr_18_1
covers,agg18,pr_18_2
covers,agg18,pr_18_3
covers,agg18,pr_18_4
covers,agg18,pr_18_5
covers,agg18,pr_18_6
covers,agg18,pr_18_7
covers,agg18,pr_18_8
pub,agg18
covers,agg19,pr_19_0
covers,agg19,pr_19_1
pub,agg19
covers,agg20,pr_20_0
covers,agg20,pr_20_1
covers,agg20,pr_20_2
pub,agg20
covers,agg21,pr_21_0
covers,agg21,pr_21_1
covers,agg21,pr_21_2
covers,agg21,pr_21_3
covers,agg21,pr_21_4
covers,agg21,pr_21_5
pub,agg21
covers,agg22,pr_22_0
covers,agg22,pr_22_1
covers,agg22,pr_22_2
covers,agg22,pr_22_3
covers,agg22,pr_22_4
covers,agg22,pr_22_5
covers,agg22,pr_22_6
pub,agg22
covers,agg23,pr_23_0
covers,agg23,pr_23_1
covers,agg23,pr_23_2
covers,agg23,pr_23_3
covers,agg23,pr_23_4
pub,agg23
covers,agg24,pr_24_0
covers,agg24,pr_24_1
covers,agg24,pr_24_2
covers,agg24,pr_24_3
covers,agg24,pr_24_4
covers,agg24,pr_24_5
pub,agg24
covers,agg25,pr_25_0
covers,agg25,pr_25_1
covers,agg25,pr_25_2
covers,agg25,pr_25_3
pub,agg25
covers,agg26,pr_26_0
covers,agg26,pr_26_1
covers,agg26,pr_26_2
covers,agg26,pr_26_3
pub,agg26
covers,agg27,pr_27_0
pub,agg27
covers,agg28,pr_28_0
covers,agg28,pr_28_1
pub,agg28
covers,agg29,pr_29_0
covers,agg29,pr_29_1
covers,agg29,pr_29_2
covers,agg29,pr_29_3
covers,agg29,pr_29_4
pub,agg29
covers,agg30,pr_30_0
covers,agg30,pr_30_1
covers,agg30,pr_30_2
covers,agg30,pr_30_3
pub,agg30
covers,agg31,pr_31_0
covers,agg31,pr_31_1
pub,agg31
covers,agg32,pr_32_0
covers,agg32,pr_32_1
covers,agg32,pr_32_2
covers,agg32,pr_32_3
covers,agg32,pr_32_4
covers,agg32,pr_32_5
covers,agg32,pr_32_6
pub,agg32
covers,agg33,pr_33_0
covers,agg33,pr_33_1
covers,agg33,pr_33_2
covers,agg33,pr_33_3
covers,agg33,pr_33_4
covers,agg33,pr_33_5
covers,agg33,pr_33_6
pub,agg33
covers,agg34,pr_34_0
covers,agg34,pr_34_1
covers,agg34,pr_34_2
pub,agg34
covers,agg35,pr_35_0
covers,agg35,pr_35_1
covers,agg35,pr_35_2
covers,agg35,pr_35_3
covers,agg35,pr_35_4
covers,agg35,pr_35_5
covers,agg35,pr_35_6
covers,agg35,pr_35_7
pub,agg35
covers,agg36,pr_36_0
covers,agg36,pr_36_1
covers,agg36,pr_36_2
covers,agg36,pr_36_3
covers,agg36,pr_36_4
pub,agg36
covers,agg37,pr_37_0
covers,agg37,pr_37_1
covers,agg37,pr_37_2
covers,agg37,pr_37_3
covers,agg37,pr_37_4
covers,agg37,pr_37_5
pub,agg37
covers,agg38,pr_38_0
covers,agg38,pr_38_1
covers,agg38,pr_38_2
covers,agg38,pr_38_3
covers,agg38,pr_38_4
pub,agg38
covers,agg39,pr_39_0
covers,agg39,pr_39_1
covers,agg39,pr_39_2
pub,agg39
covers,agg40,pr_40_0
covers,agg40,pr_40_1
covers,agg40,pr_40_2
covers,agg40,pr_40_3
pub,agg40
covers,agg41,pr_41_0
covers,agg41,pr_41_1
covers,agg41,pr_41_2
pub,agg41
covers,agg42,pr_42_0
covers,agg42,pr_42_1
covers,agg42,pr_42_2
covers,agg42,pr_42_3
covers,agg42,pr_42_4
pub,agg42
covers,agg43,pr_43_0
covers,agg43,pr_43_1
covers,agg43,pr_43_2
covers,agg43,pr_43_3
covers,agg43,pr_43_4
pub,agg43
covers,agg44,pr_44_0
covers,agg44,pr_44_1
pub,agg44
covers,agg45,pr_45_0
covers,agg45,pr_45_1
covers,agg45,pr_45_2
covers,agg45,pr_45_3
pub,agg45
covers,agg46,pr_46_0
covers,agg46,pr_46_1
covers,agg46,pr_46_2
covers,agg46,pr_46_3
covers,agg46,pr_46_4
covers,agg46,pr_46_5
covers,agg46,pr_46_6
pub,agg46
covers,agg47,pr_47_0
covers,agg47,pr_47_1
covers,agg47,pr_47_2
covers,agg47,pr_47_3
covers,agg47,pr_47_4
covers,agg47,pr_47_5
covers,agg47,pr_47_6
pub,agg47
covers,agg48,pr_48_0
covers,agg48,pr_48_1
covers,agg48,pr_48_2
covers,agg48,pr_48_3
covers,agg48,pr_48_4
covers,agg48,pr_48_5
pub,agg48
covers,agg49,pr_49_0
covers,agg49,pr_49_1
covers,agg49,pr_49_2
pub,agg49
covers,agg50,pr_50_0
covers,agg50,pr_50_1
covers,agg50,pr_50_2
covers,agg50,pr_50_3
covers,agg50,pr_50_4
covers,agg50,pr_50_5
pub,agg50
covers,agg51,pr_51_0
covers,agg51,pr_51_1
covers,agg51,pr_51_2
covers,agg51,pr_51_3
covers,agg51,pr_51_4
covers,agg51,pr_51_5
covers,agg51,pr_51_6
covers,agg51,pr_51_7
covers,agg51,pr_51_8
pub,agg51
covers,agg52,pr_52_0
pub,agg52
covers,agg53,pr_53_0
covers,agg53,pr_53_1
covers,agg53,pr_53_2
covers,agg53,pr_53_3
covers,agg53,pr_53_4
covers,agg53,pr_53_5
covers,agg53,pr_53_6
covers,agg53,pr_53_7
covers,agg53,pr_53_8
pub,agg53
covers,agg54,pr_54_0
covers,agg54,pr_54_1
pub,agg54
covers,agg55,pr_55_0
covers,agg55,pr_55_1
covers,agg55,pr_55_2
covers,agg55,pr_55_3
covers,agg55,pr_55_4
covers,agg55,pr_55_5
covers,agg55,pr_55_6
covers,agg55,pr_55_7
covers,agg55,pr_55_8
pub,agg55
covers,agg56,pr_56_0
pub,agg56
covers,agg57,pr_57_0
covers,agg57,pr_57_1
covers,agg57,pr_57_2
covers,agg57,pr_57_3
covers,agg57,pr_57_4
covers,agg57,pr_57_5
covers,agg57,pr_57_6
covers,agg57,pr_57_7
pub,agg57
covers,agg58,pr_58_0
covers,agg58,pr_58_1
covers,agg58,pr_58_2
covers,agg58,pr_58_3
covers,agg58,pr_58_4
pub,agg58
covers,agg59,pr_59_0
covers,agg59,pr_59_1
covers,agg59,pr_59_2
covers,agg59,pr_59_3
covers,agg59,pr_59_4
covers,agg59,pr_59_5
covers,agg59,pr_59_6
covers,agg59,pr_59_7
covers,agg59,pr_59_8
pub,agg59
covers,agg60,pr_60_0
covers,agg60,pr_60_1
covers,agg60,pr_60_2
covers,agg60,pr_60_3
covers,agg60,pr_60_4
pub,agg60
covers,agg61,pr_61_0
covers,agg61,pr_61_1
covers,agg61,pr_61_2
covers,agg61,pr_61_3
covers,agg61,pr_61_4
pub,agg61
covers,agg62,pr_62_0
covers,agg62,pr_62_1
covers,agg62,pr_62_2
covers,agg62,pr_62_3
covers,agg62,pr_62_4
pub,agg62
covers,agg63,pr_63_0
covers,agg63,pr_63_1
covers,agg63,pr_63_2
covers,agg63,pr_63_3
covers,agg63,pr_63_4
covers,agg63,pr_63_5
covers,agg63,pr_63_6
covers,agg63,pr_63_7
pub,agg63
covers,agg64,pr_64_0
covers,agg64,pr_64_1
covers,agg64,pr_64_2
pub,agg64
covers,agg65,pr_65_0
covers,agg65,pr_65_1
covers,agg65,pr_65_2
covers,agg65,pr_65_3
covers,agg65,pr_65_4
pub,agg65
covers,agg66,pr_66_0
covers,agg66,pr_66_1
covers,agg66,pr_66_2
covers,agg66,pr_66_3
pub,agg66
covers,agg67,pr_67_0
covers,agg67,pr_67_1
covers,agg67,pr_67_2
covers,agg67,pr_67_3
covers,agg67,pr_67_4
covers,agg67,pr_67_5
pub,agg67
covers,agg68,pr_68_0
covers,agg68,pr_68_1
covers,agg68,pr_68_2
covers,agg68,pr_68_3
covers,agg68,pr_68_4
covers,agg68,pr_68_5
pub,agg68
covers,agg69,pr_69_0
covers,agg69,pr_69_1
covers,agg69,pr_69_2
covers,agg69,pr_69_3
covers,agg69,pr_69_4
covers,agg69,pr_69_5
pub,agg69
covers,agg70,pr_70_0
covers,agg70,pr_70_1
covers,agg70,pr_70_2
covers,agg70,pr_70_3
covers,agg70,pr_70_4
pub,agg70
covers,agg71,pr_71_0
covers,agg71,pr_71_1
covers,agg71,pr_71_2
covers,agg71,pr_71_3
covers,agg71,pr_71_4
covers,agg71,pr_71_5
covers,agg71,pr_71_6
pub,agg71
covers,agg72,pr_72_0
covers,agg72,pr_72_1
covers,agg72,pr_72_2
covers,agg72,pr_72_3
covers,agg72,pr_72_4
covers,agg72,pr_72_5
pub,agg72
covers,agg73,pr_73_0
covers,agg73,pr_73_1
covers,agg73,pr_73_2
covers,agg73,pr_73_3
covers,agg73,pr_73_4
covers,agg73,pr_73_5
covers,agg73,pr_73_6
pub,agg73
covers,agg74,pr_74_0
covers,agg74,pr_74_1
covers,agg74,pr_74_2
covers,agg74,pr_74_3
covers,agg74,pr_74_4
covers,agg74,pr_74_5
covers,agg74,pr_74_6
pub,agg74
covers,agg75,pr_75_0
covers,agg75,pr_75_1
covers,agg75,pr_75_2
covers,agg75,pr_75_3
covers,agg75,pr_75_4
covers,agg75,pr_75_5
pub,agg75
covers,agg76,pr_76_0
pub,agg76
covers,agg77,pr_77_0
pub,agg77
covers,agg78,pr_78_0
covers,agg78,pr_78_1
pub,agg78
covers,agg79,pr_79_0
covers,agg79,pr_79_1
covers,agg79,pr_79_2
covers,agg79,pr_79_3
pub,agg79
covers,agg80,pr_80_0
covers,agg80,pr_80_1
covers,agg80,pr_80_2
covers,agg80,pr_80_3
covers,agg80,pr_80_4
covers,agg80,pr_80_5
pub,agg80
covers,agg81,pr_81_0
covers,agg81,pr_81_1
covers,agg81,pr_81_2
covers,agg81,pr_81_3
covers,agg81,pr_81_4
pub,agg81
covers,agg82,pr_82_0
pub,agg82
covers,agg83,pr_83_0
covers,agg83,pr_83_1
pub,agg83
covers,agg84,pr_84_0
covers,agg84,pr_84_1
covers,agg84,pr_84_2
covers,agg84,pr_84_3
covers,agg84,pr_84_4
covers,agg84,pr_84_5
covers,agg84,pr_84_6
covers,agg84,pr_84_7
pub,agg84
covers,agg85,pr_85_0
covers,agg85,pr_85_1
pub,agg85
covers,agg86,pr_86_0
covers,agg86,pr_86_1
covers,agg86,pr_86_2
covers,agg86,pr_86_3
covers,agg86,pr_86_4
covers,agg86,pr_86_5
pub,agg86
covers,agg87,pr_87_0
covers,agg87,pr_87_1
covers,agg87,pr_87_2
covers,agg87,pr_87_3
covers,agg87,pr_87_4
covers,agg87,pr_87_5
pub,agg87
covers,agg88,pr_88_0
covers,agg88,pr_88_1
covers,agg88,pr_88_2
covers,agg88,pr_88_3
covers,agg88,pr_88_4
covers,agg88,pr_88_5
covers,agg88,pr_88_6
covers,agg88,pr_88_7
pub,agg88
covers,agg89,pr_89_0
covers,agg89,pr_89_1
covers,agg89,pr_89_2
pub,agg89
covers,agg90,pr_90_0
covers,agg90,pr_90_1
covers,agg90,pr_90_2
covers,agg90,pr_90_3
covers,agg90,pr_90_4
covers,agg90,pr_90_5
covers,agg90,pr_90_6
covers,agg90,pr_90_7
pub,agg90
covers,agg91,pr_91_0
covers,agg91,pr_91_1
pub,agg91
covers,agg92,pr_92_0
covers,agg92,pr_92_1
covers,agg92,pr_92_2
covers,agg92,pr_92_3
covers,agg92,pr_92_4
covers,agg92,pr_92_5
pub,agg92
covers,agg93,pr_93_0
covers,agg93,pr_93_1
covers,agg93,pr_93_2
covers,agg93,pr_93_3
covers,agg93,pr_93_4
pub,agg93
covers,agg94,pr_94_0
covers,agg94,pr_94_1
covers,agg94,pr_94_2
covers,agg94,pr_94_3
covers,agg94,pr_94_4
covers,agg94,pr_94_5
pub,agg94
covers,agg95,pr_95_0
covers,agg95,pr_95_1
covers,agg95,pr_95_2
pub,agg95
covers,agg96,pr_96_0
covers,agg96,pr_96_1
covers,agg96,pr_96_2
covers,agg96,pr_96_3
covers,agg96,pr_96_4
covers,agg96,pr_96_5
covers,agg96,pr_96_6
covers,agg96,pr_96_7
covers,agg96,pr_96_8
pub,agg96
covers,agg97,pr_97_0
covers,agg97,pr_97_1
pub,agg97
covers,agg98,pr_98_0
covers,agg98,pr_98_1
covers,agg98,pr_98_2
covers,agg98,pr_98_3
covers,agg98,pr_98_4
covers,agg98,pr_98_5
pub,agg98
covers,agg99,pr_99_0
covers,agg99,pr_99_1
pub,agg99
covers,agg100,pr_100_0
covers,agg100,pr_100_1
covers,agg100,pr_100_2
covers,agg100,pr_100_3
pub,agg100
covers,agg101,pr_101_0
pub,agg101
covers,agg102,pr_102_0
covers,agg102,pr_102_1
covers,agg102,pr_102_2
covers,agg102,pr_102_3
covers,agg102,pr_102_4
pub,agg102
covers,agg103,pr_103_0
covers,agg103,pr_103_1
covers,agg103,pr_103_2
covers,agg103,pr_103_3
covers,agg103,pr_103_4
pub,agg103
covers,agg104,pr_104_0
covers,agg104,pr_104_1
covers,agg104,pr_104_2
pub,agg104
covers,agg105,pr_105_0
covers,agg105,pr_105_1
covers,agg105,pr_105_2
covers,agg105,pr_105_3
covers,agg105,pr_105_4
covers,agg105,pr_105_5
covers,agg105,pr_105_6
covers,agg105,pr_105_7
covers,agg105,pr_105_8
pub,agg105
covers,agg106,pr_106_0
pub,agg106
covers,agg107,pr_107_0
covers,agg107,pr_107_1
covers,agg107,pr_107_2
covers,agg107,pr_107_3
covers,agg107,pr_107_4
pub,agg107
covers,agg108,pr_108_0
covers,agg108,pr_108_1
covers,agg108,pr_108_2
covers,agg108,pr_108_3
covers,agg108,pr_108_4
covers,agg108,pr_108_5
covers,agg108,pr_108_6
pub,agg108
covers,agg109,pr_109_0
covers,agg109,pr_109_1
covers,agg109,pr_109_2
covers,agg109,pr_109_3
covers,agg109,pr_109_4
pub,agg109
covers,agg110,pr_110_0
covers,agg110,pr_110_1
covers,agg110,pr_110_2
covers,agg110,pr_110_3
pub,agg110
covers,agg111,pr_111_0
covers,agg111,pr_111_1
covers,agg111,pr_111_2
covers,agg111,pr_111_3
pub,agg111
covers,agg112,pr_112_0
covers,agg112,pr_112_1
covers,agg112,pr_112_2
covers,agg112,pr_112_3
covers,agg112,pr_112_4
covers,agg112,pr_112_5
covers,agg112,pr_112_6
covers,agg112,pr_112_7
covers,agg112,pr_112_8
pub,agg112
covers,agg113,pr_113_0
covers,agg113,pr_113_1
covers,agg113,pr_113_2
covers,agg113,pr_113_3
covers,agg113,pr_113_4
covers,agg113,pr_113_5
pub,agg113
covers,agg114,pr_114_0
covers,agg114,pr_114_1
covers,agg114,pr_114_2
covers,agg114,pr_114_3
covers,agg114,pr_114_4
covers,agg114,pr_114_5
covers,agg114,pr_114_6
covers,agg114,pr_114_7
covers,agg114,pr_114_8
pub,agg114
covers,agg115,pr_115_0
covers,agg115,pr_115_1
covers,agg115,pr_115_2
covers,agg115,pr_115_3
pub,agg115
covers,agg116,pr_116_0
covers,agg116,pr_116_1
covers,agg116,pr_116_2
covers,agg116,pr_116_3
pub,agg116
covers,agg117,pr_117_0
covers,agg117,pr_117_1
covers,agg117,pr_117_2
covers,agg117,pr_117_3
covers,agg117,pr_117_4
pub,agg117
covers,agg118,pr_118_0
covers,agg118,pr_118_1
pub,agg118
covers,agg119,pr_119_0
pub,agg119
covers,agg120,pr_120_0
covers,agg120,pr_120_1
covers,agg120,pr_120_2
covers,agg120,pr_120_3
covers,agg120,pr_120_4
pub,agg120
covers,agg121,pr_121_0
covers,agg121,pr_121_1
pub,agg121
covers,agg122,pr_122_0
covers,agg122,pr_122_1
covers,agg122,pr_122_2
covers,agg122,pr_122_3
covers,agg122,pr_122_4
covers,agg122,pr_122_5
covers,agg122,pr_122_6
covers,agg122,pr_122_7
covers,agg122,pr_122_8
pub,agg122
covers,agg123,pr_123_0
covers,agg123,pr_123_1
covers,agg123,pr_123_2
covers,agg123,pr_123_3
covers,agg123,pr_123_4
covers,agg123,pr_123_5
covers,agg123,pr_123_6
pub,agg123
covers,agg124,pr_124_0
covers,agg124,pr_124_1
covers,agg124,pr_124_2
pub,agg124
covers,agg125,pr_125_0
covers,agg125,pr_125_1
covers,agg125,pr_125_2
covers,agg125,pr_125_3
covers,agg125,pr_125_4
covers,agg125,pr_125_5
covers,agg125,pr_125_6
pub,agg125
covers,agg126,pr_126_0
covers,agg126,pr_126_1
covers,agg126,pr_126_2
covers,agg126,pr_126_3
covers,agg126,pr_126_4
covers,agg126,pr_126_5
covers,agg126,pr_126_6
covers,agg126,pr_126_7
pub,agg126
covers,agg127,pr_127_0
covers,agg127,pr_127_1
covers,agg127,pr_127_2
pub,agg127
covers,agg128,pr_128_0
covers,agg128,pr_128_1
covers,agg128,pr_128_2
covers,agg128,pr_128_3
covers,agg128,pr_128_4
covers,agg128,pr_128_5
covers,agg128,pr_128_6
covers,agg128,pr_128_7
pub,agg128
covers,agg129,pr_129_0
covers,agg129,pr_129_1
covers,agg129,pr_129_2
covers,agg129,pr_129_3
covers,agg129,pr_129_4
covers,agg129,pr_129_5
pub,agg129
covers,agg130,pr_130_0
covers,agg130,pr_130_1
covers,agg130,pr_130_2
pub,agg130
covers,agg131,pr_131_0
covers,agg131,pr_131_1
covers,agg131,pr_131_2
covers,agg131,pr_131_3
covers,agg131,pr_131_4
covers,agg131,pr_131_5
covers,agg131,pr_131_6
pub,agg131
covers,agg132,pr_132_0
covers,agg132,pr_132_1
covers,agg132,pr_132_2
covers,agg132,pr_132_3
covers,agg132,pr_132_4
covers,agg132,pr_132_5
covers,agg132,pr_132_6
covers,agg132,pr_132_7
covers,agg132,pr_132_8
pub,agg132
covers,agg133,pr_133_0
covers,agg133,pr_133_1
covers,agg133,pr_133_2
covers,agg133,pr_133_3
covers,agg133,pr_133_4
covers,agg133,pr_133_5
covers,agg133,pr_133_6
pub,agg133
covers,agg134,pr_134_0
covers,agg134,pr_134_1
covers,agg134,pr_134_2
covers,agg134,pr_134_3
covers,agg134,pr_134_4
pub,agg134
covers,agg135,pr_135_0
covers,agg135,pr_135_1
covers,agg135,pr_135_2
covers,agg135,pr_135_3
covers,agg135,pr_135_4
covers,agg135,pr_135_5
pub,agg135
covers,agg136,pr_136_0
pub,agg136
covers,agg137,pr_137_0
covers,agg137,pr_137_1
covers,agg137,pr_137_2
covers,agg137,pr_137_3
covers,agg137,pr_137_4
covers,agg137,pr_137_5
covers,agg137,pr_137_6
covers,agg137,pr_137_7
pub,agg137
covers,agg138,pr_138_0
covers,agg138,pr_138_1
covers,agg138,pr_138_2
covers,agg138,pr_138_3
pub,agg138
covers,agg139,pr_139_0
covers,agg139,pr_139_1
pub,agg139
covers,agg140,pr_140_0
covers,agg140,pr_140_1
covers,agg140,pr_140_2
covers,agg140,pr_140_3
covers,agg140,pr_140_4
pub,agg140
covers,agg141,pr_141_0
covers,agg141,pr_141_1
covers,agg141,pr_141_2
covers,agg141,pr_141_3
covers,agg141,pr_141_4
covers,agg141,pr_141_5
covers,agg141,pr_141_6
covers,agg141,pr_141_7
pub,agg141
covers,agg142,pr_142_0
covers,agg142,pr_142_1
covers,agg142,pr_142_2
pub,agg142
covers,agg143,pr_143_0
covers,agg143,pr_143_1
covers,agg143,pr_143_2
covers,agg143,pr_143_3
covers,agg143,pr_143_4
covers,agg143,pr_143_5
covers,agg143,pr_143_6
covers,agg143,pr_143_7
pub,agg143
covers,agg144,pr_144_0
covers,agg144,pr_144_1
covers,agg144,pr_144_2
covers,agg144,pr_144_3
covers,agg144,pr_144_4
pub,agg144
covers,agg145,pr_145_0
covers,agg145,pr_145_1
covers,agg145,pr_145_2
covers,agg145,pr_145_3
covers,agg145,pr_145_4
pub,agg145
covers,agg146,pr_146_0
covers,agg146,pr_146_1
covers,agg146,pr_146_2
covers,agg146,pr_146_3
pub,agg146
covers,agg147,pr_147_0
covers,agg147,pr_147_1
covers,agg147,pr_147_2
covers,agg147,pr_147_3
covers,agg147,pr_147_4
covers,agg147,pr_147_5
pub,agg147
covers,agg148,pr_148_0
covers,agg148,pr_148_1
pub,agg148
covers,agg149,pr_149_0
covers,agg149,pr_149_1
covers,agg149,pr_149_2
covers,agg149,pr_149_3
pub,agg149
covers,agg150,pr_150_0
covers,agg150,pr_150_1
covers,agg150,pr_150_2
covers,agg150,pr_150_3
covers,agg150,pr_150_4
covers,agg150,pr_150_5
covers,agg150,pr_150_6
pub,agg150
covers,agg151,pr_151_0
covers,agg151,pr_151_1
covers,agg151,pr_151_2
covers,agg151,pr_151_3
covers,agg151,pr_151_4
covers,agg151,pr_151_5
covers,agg151,pr_151_6
covers,agg151,pr_151_7
pub,agg151
covers,agg152,pr_152_0
covers,agg152,pr_152_1
covers,agg152,pr_152_2
covers,agg152,pr_152_3
covers,agg152,pr_152_4
covers,agg152,pr_152_5
pub,agg152
covers,agg153,pr_153_0
covers,agg153,pr_153_1
covers,agg153,pr_153_2
covers,agg153,pr_153_3
pub,agg153
covers,agg154,pr_154_0
covers,agg154,pr_154_1
covers,agg154,pr_154_2
covers,agg154,pr_154_3
covers,agg154,pr_154_4
covers,agg154,pr_154_5
covers,agg154,pr_154_6
pub,agg154
covers,agg155,pr_155_0
covers,agg155,pr_155_1
covers,agg155,pr_155_2
covers,agg155,pr_155_3
covers,agg155,pr_155_4
covers,agg155,pr_155_5
covers,agg155,pr_155_6
pub,agg155
covers,agg156,pr_156_0
covers,agg156,pr_156_1
covers,agg156,pr_156_2
covers,agg156,pr_156_3
covers,agg156,pr_156_4
covers,agg156,pr_156_5
pub,agg156
covers,agg157,pr_157_0
covers,agg157,pr_157_1
covers,agg157,pr_157_2
covers,agg157,pr_157_3
covers,agg157,pr_157_4
covers,agg157,pr_157_5
covers,agg157,pr_157_6
covers,agg157,pr_157_7
pub,agg157
covers,agg158,pr_158_0
covers,agg158,pr_158_1
covers,agg158,pr_158_2
covers,agg158,pr_158_3
covers,agg158,pr_158_4
pub,agg158
covers,agg159,pr_159_0
covers,agg159,pr_159_1
covers,agg159,pr_159_2
covers,agg159,pr_159_3
covers,agg159,pr_159_4
covers,agg159,pr_159_5
covers,agg159,pr_159_6
covers,agg159,pr_159_7
covers,agg159,pr_159_8
pub,agg159
covers,agg160,pr_160_0
covers,agg160,pr_160_1
covers,agg160,pr_160_2
pub,agg160
covers,agg161,pr_161_0
covers,agg161,pr_161_1
covers,agg161,pr_161_2
pub,agg161
covers,agg162,pr_162_0
covers,agg162,pr_162_1
covers,agg162,pr_162_2
covers,agg162,pr_162_3
covers,agg162,pr_162_4
pub,agg162
covers,agg163,pr_163_0
covers,agg163,pr_163_1
covers,agg163,pr_163_2
pub,agg163
covers,agg164,pr_164_0
covers,agg164,pr_164_1
covers,agg164,pr_164_2
covers,agg164,pr_164_3
covers,agg164,pr_164_4
pub,agg164
covers,agg165,pr_165_0
pub,agg165
covers,agg166,pr_166_0
covers,agg166,pr_166_1
covers,agg166,pr_166_2
pub,agg166
covers,agg167,pr_167_0
covers,agg167,pr_167_1
pub,agg167
covers,agg168,pr_168_0
covers,agg168,pr_168_1
covers,agg168,pr_168_2
covers,agg168,pr_168_3
covers,agg168,pr_168_4
covers,agg168,pr_168_5
covers,agg168,pr_168_6
pub,agg168
covers,agg169,pr_169_0
covers,agg169,pr_169_1
covers,agg169,pr_169_2
covers,agg169,pr_169_3
pub,agg169
covers,agg170,pr_170_0
pub,agg170
covers,agg171,pr_171_0
covers,agg171,pr_171_1
pub,agg171
covers,agg172,pr_172_0
covers,agg172,pr_172_1
pub,agg172
covers,agg173,pr_173_0
covers,agg173,pr_173_1
covers,agg173,pr_173_2
covers,agg173,pr_173_3
pub,agg173
covers,agg174,pr_174_0
covers,agg174,pr_174_1
covers,agg174,pr_174_2
covers,agg174,pr_174_3
covers,agg174,pr_174_4
covers,agg174,pr_174_5
covers,agg174,pr_174_6
covers,agg174,pr_174_7
covers,agg174,pr_174_8
pub,agg174
covers,agg175,pr_175_0
pub,agg175
covers,agg176,pr_176_0
covers,agg176,pr_176_1
covers,agg176,pr_176_2
covers,agg176,pr_176_3
covers,agg176,pr_176_4
pub,agg176
covers,agg177,pr_177_0
covers,agg177,pr_177_1
covers,agg177,pr_177_2
covers,agg177,pr_177_3
covers,agg177,pr_177_4
covers,agg177,pr_177_5
covers,agg177,pr_177_6
covers,agg177,pr_177_7
covers,agg177,pr_177_8
pub,agg177
covers,agg178,pr_178_0
covers,agg178,pr_178_1
covers,agg178,pr_178_2
covers,agg178,pr_178_3
pub,agg178
covers,agg179,pr_179_0
covers,agg179,pr_179_1
covers,agg179,pr_179_2
covers,agg179,pr_179_3
covers,agg179,pr_179_4
covers,agg179,pr_179_5
covers,agg179,pr_179_6
pub,agg179
covers,agg180,pr_180_0
covers,agg180,pr_180_1
covers,agg180,pr_180_2
covers,agg180,pr_180_3
covers,agg180,pr_180_4
covers,agg180,pr_180_5
pub,agg180
covers,agg181,pr_181_0
covers,agg181,pr_181_1
covers,agg181,pr_181_2
covers,agg181,pr_181_3
covers,agg181,pr_181_4
pub,agg181
covers,agg182,pr_182_0
covers,agg182,pr_182_1
covers,agg182,pr_182_2
pub,agg182
covers,agg183,pr_183_0
pub,agg183
covers,agg184,pr_184_0
covers,agg184,pr_184_1
covers,agg184,pr_184_2
pub,agg184
covers,agg185,pr_185_0
covers,agg185,pr_185_1
covers,agg185,pr_185_2
covers,agg185,pr_185_3
pub,agg185
covers,agg186,pr_186_0
covers,agg186,pr_186_1
covers,agg186,pr_186_2
pub,agg186
covers,agg187,pr_187_0
covers,agg187,pr_187_1
covers,agg187,pr_187_2
pub,agg187
covers,agg188,pr_188_0
covers,agg188,pr_188_1
covers,agg188,pr_188_2
covers,agg188,pr_188_3
covers,agg188,pr_188_4
covers,agg188,pr_188_5
covers,agg188,pr_188_6
covers,agg188,pr_188_7
covers,agg188,pr_188_8
pub,agg188
covers,agg189,pr_189_0
covers,agg189,pr_189_1
covers,agg189,pr_189_2
covers,agg189,pr_189_3
covers,agg189,pr_189_4
covers,agg189,pr_189_5
covers,agg189,pr_189_6
covers,agg189,pr_189_7
pub,agg189
covers,agg190,pr_190_0
covers,agg190,pr_190_1
covers,agg190,pr_190_2
pub,agg190
covers,agg191,pr_191_0
covers,agg191,pr_191_1
covers,agg191,pr_191_2
covers,agg191,pr_191_3
covers,agg191,pr_191_4
pub,agg191
covers,agg192,pr_192_0
covers,agg192,pr_192_1
pub,agg192
covers,agg193,pr_193_0
covers,agg193,pr_193_1
covers,agg193,pr_193_2
covers,agg193,pr_193_3
covers,agg193,pr_193_4
covers,agg193,pr_193_5
covers,agg193,pr_193_6
covers,agg193,pr_193_7
pub,agg193
covers,agg194,pr_194_0
covers,agg194,pr_194_1
covers,agg194,pr_194_2
covers,agg194,pr_194_3
covers,agg194,pr_194_4
covers,agg194,pr_194_5
covers,agg194,pr_194_6
covers,agg194,pr_194_7
covers,agg194,pr_194_8
pub,agg194
covers,agg195,pr_195_0
covers,agg195,pr_195_1
covers,agg195,pr_195_2
covers,agg195,pr_195_3
covers,agg195,pr_195_4
covers,agg195,pr_195_5
covers,agg195,pr_195_6
pub,agg195
covers,agg196,pr_196_0
covers,agg196,pr_196_1
covers,agg196,pr_196_2
covers,agg196,pr_196_3
covers,agg196,pr_196_4
covers,agg196,pr_196_5
covers,agg196,pr_196_6
covers,agg196,pr_196_7
pub,agg196
covers,agg197,pr_197_0
covers,agg197,pr_197_1
pub,agg197
covers,agg198,pr_198_0
covers,agg198,pr_198_1
covers,agg198,pr_198_2
covers,agg198,pr_198_3
covers,agg198,pr_198_4
pub,agg198
covers,agg199,pr_199_0
covers,agg199,pr_199_1
covers,agg199,pr_199_2
covers,agg199,pr_199_3
covers,agg199,pr_199_4
covers,agg199,pr_199_5
covers,agg199,pr_199_6
covers,agg199,pr_199_7
covers,agg199,pr_199_8
pub,agg199
